{"cameraMode":{"drawMode":0,"name":"Shaded","section":"Shading Mode"},"sceneLighting":false,"audioPlay":false,"sceneViewState":{"showFog":true,"showMaterialUpdate":false,"showSkybox":false,"showFlares":true,"showImageEffects":true,"showParticleSystems":true,"showVisualEffectGraphs":true,"m_FxEnabled":true},"in2DMode":false,"pivot":{"x":-1.1790108680725098,"y":4.418793201446533,"z":172.84339904785157},"rotation":{"x":-0.0009384565055370331,"y":0.9914401769638062,"z":-0.13043507933616639,"w":-0.0071376170963048939},"size":-5.200610160827637,"orthographic":false}