{"cameraMode":{"drawMode":0,"name":"Shaded","section":"Shading Mode"},"sceneLighting":false,"audioPlay":false,"sceneViewState":{"showFog":true,"showMaterialUpdate":false,"showSkybox":false,"showFlares":true,"showImageEffects":true,"showParticleSystems":true,"showVisualEffectGraphs":true,"m_FxEnabled":true},"in2DMode":false,"pivot":{"x":3.5505471229553224,"y":-7.879062652587891,"z":143.72061157226563},"rotation":{"x":0.14340715110301972,"y":0.0741468071937561,"z":-0.010777009651064873,"w":0.9868320822715759},"size":12.677101135253907,"orthographic":false}