{"cameraMode":{"drawMode":0,"name":"Shaded","section":"Shading Mode"},"sceneLighting":true,"audioPlay":false,"sceneViewState":{"showFog":true,"showMaterialUpdate":false,"showSkybox":false,"showFlares":true,"showImageEffects":true,"showParticleSystems":true,"showVisualEffectGraphs":true,"m_FxEnabled":true},"in2DMode":false,"pivot":{"x":12.632631301879883,"y":-3.978574752807617,"z":155.9468994140625},"rotation":{"x":0.07576826214790344,"y":0.15786099433898927,"z":-0.012146621942520142,"w":0.9844807982444763},"size":21.568296432495118,"orthographic":false}