{"cameraMode":{"drawMode":0,"name":"Shaded","section":"Shading Mode"},"sceneLighting":false,"audioPlay":false,"sceneViewState":{"showFog":true,"showMaterialUpdate":false,"showSkybox":false,"showFlares":true,"showImageEffects":true,"showParticleSystems":true,"showVisualEffectGraphs":true,"m_FxEnabled":true},"in2DMode":false,"pivot":{"x":12.499034881591797,"y":11.21274185180664,"z":133.79977416992188},"rotation":{"x":-0.032588016241788867,"y":-0.20629510283470155,"z":0.0068656401708722118,"w":-0.9779287576675415},"size":20.313383102416993,"orthographic":false}