{"cameraMode":{"drawMode":0,"name":"Shaded","section":"Shading Mode"},"sceneLighting":true,"audioPlay":false,"sceneViewState":{"showFog":true,"showMaterialUpdate":false,"showSkybox":false,"showFlares":true,"showImageEffects":true,"showParticleSystems":true,"showVisualEffectGraphs":true,"m_FxEnabled":true},"in2DMode":false,"pivot":{"x":-11.892498970031739,"y":22.513734817504884,"z":113.30987548828125},"rotation":{"x":-0.07104553282260895,"y":-0.9289160370826721,"z":0.2619008421897888,"w":-0.25198444724082949},"size":17.697179794311525,"orthographic":false}