{"cameraMode":{"drawMode":0,"name":"Shaded","section":"Shading Mode"},"sceneLighting":false,"audioPlay":false,"sceneViewState":{"showFog":true,"showMaterialUpdate":false,"showSkybox":false,"showFlares":true,"showImageEffects":true,"showParticleSystems":true,"showVisualEffectGraphs":true,"m_FxEnabled":true},"in2DMode":false,"pivot":{"x":4.451754570007324,"y":29.68440818786621,"z":25.05880355834961},"rotation":{"x":-0.25537097454071047,"y":-0.024073904380202295,"z":0.0063636573031544689,"w":-0.9665325284004211},"size":2.666025161743164,"orthographic":false}