{"cameraMode":{"drawMode":0,"name":"Shaded","section":"Shading Mode"},"sceneLighting":true,"audioPlay":false,"sceneViewState":{"showFog":true,"showMaterialUpdate":false,"showSkybox":true,"showFlares":true,"showImageEffects":true,"showParticleSystems":true,"showVisualEffectGraphs":true,"m_FxEnabled":true},"in2DMode":false,"pivot":{"x":185.26524353027345,"y":-163.39320373535157,"z":263.1859130859375},"rotation":{"x":-0.24543993175029756,"y":-0.30150702595710757,"z":0.08065531402826309,"w":-0.9178222417831421},"size":201.42337036132813,"orthographic":false}