{"cameraMode":{"drawMode":0,"name":"Shaded","section":"Shading Mode"},"sceneLighting":true,"audioPlay":false,"sceneViewState":{"showFog":true,"showMaterialUpdate":false,"showSkybox":true,"showFlares":true,"showImageEffects":true,"showParticleSystems":true,"showVisualEffectGraphs":true,"m_FxEnabled":true},"in2DMode":false,"pivot":{"x":193.46194458007813,"y":-144.28916931152345,"z":270.8165588378906},"rotation":{"x":-0.24543993175029756,"y":-0.30150702595710757,"z":0.08065531402826309,"w":-0.9178222417831421},"size":232.64439392089845,"orthographic":false}