{"cameraMode":{"drawMode":0,"name":"Shaded","section":"Shading Mode"},"sceneLighting":true,"audioPlay":false,"sceneViewState":{"showFog":true,"showMaterialUpdate":false,"showSkybox":true,"showFlares":true,"showImageEffects":true,"showParticleSystems":true,"showVisualEffectGraphs":true,"m_FxEnabled":true},"in2DMode":false,"pivot":{"x":-0.5815901756286621,"y":15.826556205749512,"z":24.09867286682129},"rotation":{"x":0.055775780230760577,"y":0.013787763193249703,"z":-0.0007703471928834915,"w":0.9983486533164978},"size":22.42344093322754,"orthographic":false}