{"cameraMode":{"drawMode":0,"name":"Shaded","section":"Shading Mode"},"sceneLighting":true,"audioPlay":false,"sceneViewState":{"showFog":true,"showMaterialUpdate":false,"showSkybox":true,"showFlares":true,"showImageEffects":true,"showParticleSystems":true,"showVisualEffectGraphs":true,"m_FxEnabled":true},"in2DMode":false,"pivot":{"x":-3.6399741172790529,"y":7.15475606918335,"z":24.324691772460939},"rotation":{"x":0.36374950408935549,"y":-0.009492872282862664,"z":0.00370748620480299,"w":0.9314376711845398},"size":20.564603805541993,"orthographic":false}