{"cameraMode":{"drawMode":0,"name":"Shaded","section":"Shading Mode"},"sceneLighting":true,"audioPlay":false,"sceneViewState":{"showFog":true,"showMaterialUpdate":false,"showSkybox":true,"showFlares":true,"showImageEffects":true,"showParticleSystems":true,"showVisualEffectGraphs":true,"m_FxEnabled":true},"in2DMode":false,"pivot":{"x":-16.036285400390626,"y":-210.73446655273438,"z":761.2183227539063},"rotation":{"x":-0.14083732664585114,"y":0.009504614397883416,"z":-0.0013261595740914345,"w":-0.9900116324424744},"size":417.2529602050781,"orthographic":false}