{"cameraMode":{"drawMode":0,"name":"Shaded","section":"Shading Mode"},"sceneLighting":false,"audioPlay":false,"sceneViewState":{"showFog":true,"showMaterialUpdate":false,"showSkybox":false,"showFlares":true,"showImageEffects":true,"showParticleSystems":true,"showVisualEffectGraphs":true,"m_FxEnabled":true},"in2DMode":false,"pivot":{"x":-2.2461376190185549,"y":-22.343917846679689,"z":38.143035888671878},"rotation":{"x":-0.009904674254357815,"y":0.9783278703689575,"z":-0.20118072628974915,"w":-0.048172157257795337},"size":45.378841400146487,"orthographic":false}