{"cameraMode":{"drawMode":0,"name":"Shaded","section":"Shading Mode"},"sceneLighting":true,"audioPlay":false,"sceneViewState":{"showFog":true,"showMaterialUpdate":false,"showSkybox":false,"showFlares":true,"showImageEffects":true,"showParticleSystems":true,"showVisualEffectGraphs":true,"m_FxEnabled":true},"in2DMode":false,"pivot":{"x":0.09297295659780503,"y":19.888023376464845,"z":161.66229248046876},"rotation":{"x":-0.07910536974668503,"y":0.005975952371954918,"z":0.00047575574717484415,"w":0.996842086315155},"size":8.001317024230957,"orthographic":false}