{"cameraMode":{"drawMode":0,"name":"Shaded","section":"Shading Mode"},"sceneLighting":false,"audioPlay":false,"sceneViewState":{"showFog":true,"showMaterialUpdate":false,"showSkybox":false,"showFlares":true,"showImageEffects":true,"showParticleSystems":true,"showVisualEffectGraphs":true,"m_FxEnabled":true},"in2DMode":false,"pivot":{"x":2.6310417652130129,"y":16.408443450927736,"z":22.174692153930665},"rotation":{"x":-0.29722166061401369,"y":0.013459358364343644,"z":-0.004190485924482346,"w":-0.9547125101089478},"size":9.275994300842286,"orthographic":false}