{"cameraMode":{"drawMode":0,"name":"Shaded","section":"Shading Mode"},"sceneLighting":true,"audioPlay":false,"sceneViewState":{"showFog":true,"showMaterialUpdate":false,"showSkybox":false,"showFlares":true,"showImageEffects":true,"showParticleSystems":true,"showVisualEffectGraphs":true,"m_FxEnabled":true},"in2DMode":false,"pivot":{"x":2.4129085540771486,"y":33.482032775878909,"z":111.97858428955078},"rotation":{"x":-0.14328350126743318,"y":0.8424942493438721,"z":-0.2734178900718689,"w":-0.44150522351264956},"size":11.900232315063477,"orthographic":false}