{"cameraMode":{"drawMode":0,"name":"Shaded","section":"Shading Mode"},"sceneLighting":false,"audioPlay":false,"sceneViewState":{"showFog":true,"showMaterialUpdate":false,"showSkybox":false,"showFlares":true,"showImageEffects":true,"showParticleSystems":true,"showVisualEffectGraphs":true,"m_FxEnabled":true},"in2DMode":false,"pivot":{"x":-0.23632526397705079,"y":-0.25666165351867678,"z":183.89149475097657},"rotation":{"x":-0.18166670203208924,"y":0.6222886443138123,"z":-0.1515004187822342,"w":-0.7462021708488464},"size":2.9080748558044435,"orthographic":false}