{"cameraMode":{"drawMode":0,"name":"Shaded","section":"Shading Mode"},"sceneLighting":true,"audioPlay":false,"sceneViewState":{"showFog":true,"showMaterialUpdate":false,"showSkybox":false,"showFlares":true,"showImageEffects":true,"showParticleSystems":true,"showVisualEffectGraphs":true,"m_FxEnabled":true},"in2DMode":false,"pivot":{"x":4.8682756423950199,"y":6.5917816162109379,"z":147.90025329589845},"rotation":{"x":0.05254218727350235,"y":0.9440553784370422,"z":-0.26769983768463137,"w":0.18528147041797639},"size":16.962522506713868,"orthographic":false}