{"cameraMode":{"drawMode":0,"name":"Shaded","section":"Shading Mode"},"sceneLighting":false,"audioPlay":false,"sceneViewState":{"showFog":true,"showMaterialUpdate":false,"showSkybox":false,"showFlares":true,"showImageEffects":true,"showParticleSystems":true,"showVisualEffectGraphs":true,"m_FxEnabled":true},"in2DMode":false,"pivot":{"x":16.199350357055665,"y":-48.196563720703128,"z":192.4740753173828},"rotation":{"x":-0.17182576656341554,"y":-0.03782190382480621,"z":0.006601961795240641,"w":-0.9843869209289551},"size":125.71200561523438,"orthographic":false}